Offices,Office Mail (add @iitpkd.ac.in at the end),Institute Grant,Department Grant,Special grant,Alumni ,Student,Hostel
Director Office,director_iitpkd,Y,,Y,,,
Administration,office_deanadmn,Y,,Y,,,
Administration,ro,Y,,Y,,,
Administration,personnel,Y,,Y,,,
Administration,people,Y,,Y,,,
Administration,recruitment,Y,,Y,,,
Academics,academic,Y,,Y,,,
Academics,acadresearch,Y,,Y,,,
Finance & Accounts,accounts,Y,,Y,,,
Stores & Purchase Section,purchase,Y,,Y,,,
ICSR,icsr,Y,,Y,,,
Students Section,office_studentssection,,,Y,,Y,Y
CCE,cce,,,Y,,,
Placement Cell/Career Development Cell,tpo,,,Y,,,
Placement Cell/Career Development Cell,placements,,,Y,,,
International & Alumni Relations,iar,,,Y,Y,,
Outreach,eduoutreach,,,Y,,,
EWD,ewd,Y,,Y,,,
CET,cet,,,Y,,,
Biological Sciences and Engineering,office_bse,,Y,Y,,,
Chemistry,office_cy,,Y,Y,,,
Civil Engineering,office_ce,,Y,Y,,,
Computer Science and Engineering,office_cs,,Y,Y,,,
Data Science,office_ds,,Y,Y,,,
Electrical Engineering,office_ee,,Y,Y,,,
Humanities and Social Sciences,office_hss,,Y,Y,,,
Materials and Metallurgical Engineering,office_mm,,Y,Y,,,
Mathematics,office_ma,,Y,Y,,,
Mechanical Engineering,office_me,,Y,Y,,,
Physics,office_ph,,Y,Y,,,
Institute Clinic,mo,,,Y,,,
Sports & Physical Education,sportsofficer,Y,,,,,
Security,security,,,Y,,,
Hostel,hostelmanager,,,,,,Y
